,Year,Area,Students,Q1,Q2,Q3,Q4,Q5,Q6,Q7,Proficient,Campus,KB,CT,QL,SL,PS,Date Taken
0,23,1,32.0,24.0,30.0,24.0,24.0,32.0,22.0,24.0,25.0,0.0,26.0,26.0,25.2,24.0,26.0,2023.0
1,23,1,25.0,20.0,23.0,22.0,22.0,24.0,14.0,20.0,20.0,0.0,21.666666666666668,20.0,20.4,20.0,20.0,2023.0
2,23,1,25.0,13.0,20.0,24.0,20.0,24.0,14.0,19.0,18.0,1.0,19.0,19.333333333333332,20.2,19.0,19.333333333333332,2023.0
3,23,1,26.0,19.0,24.0,17.0,20.0,17.0,10.0,20.0,16.0,1.0,20.0,15.666666666666666,16.8,20.0,15.666666666666666,2023.0
4,23,1,11.0,8.0,7.0,11.0,10.0,11.0,7.0,11.0,10.0,1.0,8.666666666666666,9.333333333333334,10.0,11.0,9.333333333333334,2023.0
5,23,1,15.0,9.0,12.0,7.0,11.0,14.0,5.0,9.0,6.0,1.0,9.333333333333334,10.0,9.2,9.0,10.0,2023.0
6,23,1,14.0,7.0,11.0,11.0,13.0,13.0,6.0,11.0,11.0,1.0,9.666666666666666,10.666666666666666,10.8,11.0,10.666666666666666,2023.0
7,23,1,13.0,7.0,11.0,6.0,11.0,13.0,3.0,8.0,7.0,1.0,8.0,9.0,8.2,8.0,9.0,2023.0
8,23,1,8.0,5.0,7.0,8.0,4.0,7.0,2.0,5.0,5.0,1.0,6.666666666666667,4.333333333333333,5.2,5.0,4.333333333333333,2023.0
9,23,1,29.0,25.0,28.0,21.0,24.0,28.0,10.0,23.0,22.0,2.0,24.666666666666668,20.666666666666668,21.2,23.0,20.666666666666668,2023.0
10,23,1,24.0,20.0,24.0,15.0,20.0,23.0,9.0,17.0,19.0,2.0,19.666666666666668,17.333333333333332,16.8,17.0,17.333333333333332,2023.0
11,23,1,27.0,23.0,26.0,23.0,25.0,26.0,9.0,24.0,24.0,2.0,24.0,20.0,21.4,24.0,20.0,2023.0
12,23,1,23.0,14.0,22.0,16.0,16.0,21.0,7.0,15.0,16.0,2.0,17.333333333333332,14.666666666666666,15.0,15.0,14.666666666666666,2023.0
13,23,1,27.0,22.0,25.0,21.0,20.0,22.0,13.0,21.0,19.0,2.0,22.666666666666668,18.333333333333332,19.4,21.0,18.333333333333332,2023.0
14,23,1,13.0,11.0,13.0,10.0,13.0,13.0,8.0,12.0,13.0,3.0,11.333333333333334,11.333333333333334,11.2,12.0,11.333333333333334,2023.0
15,23,1,13.0,12.0,12.0,13.0,13.0,13.0,12.0,13.0,13.0,3.0,12.333333333333334,12.666666666666666,12.8,13.0,12.666666666666666,2023.0
80,22,1,32.0,25.0,31.0,23.0,26.0,29.0,15.0,24.0,31.0,0.0,26.333333333333332,23.333333333333332,23.4,24.0,23.333333333333332,2022.5
81,22,1,21.0,15.0,17.0,16.0,20.0,21.0,13.0,18.0,16.0,0.0,16.0,18.0,17.6,18.0,18.0,2022.5
82,22,1,21.0,15.0,17.0,8.0,18.0,18.0,5.0,11.0,10.0,0.0,13.333333333333334,13.666666666666666,12.0,11.0,13.666666666666666,2022.5
83,22,1,27.0,23.0,25.0,22.0,22.0,25.0,13.0,22.0,20.0,0.0,23.333333333333332,20.0,20.8,22.0,20.0,2022.5
84,22,1,27.0,21.0,24.0,17.0,19.0,22.0,12.0,20.0,17.0,0.0,20.666666666666668,17.666666666666668,18.0,20.0,17.666666666666668,2022.5
85,22,1,11.0,6.0,7.0,9.0,7.0,6.0,4.0,10.0,7.0,0.0,7.333333333333333,5.666666666666667,7.2,10.0,5.666666666666667,2022.5
86,22,1,22.0,10.0,18.0,22.0,21.0,22.0,13.0,20.0,19.0,1.0,16.666666666666668,18.666666666666668,19.6,20.0,18.666666666666668,2022.5
87,22,1,11.0,8.0,11.0,11.0,11.0,10.0,5.0,8.0,9.0,1.0,10.0,8.666666666666666,9.0,8.0,8.666666666666666,2022.5
88,22,1,23.0,17.0,23.0,19.0,23.0,21.0,9.0,20.0,19.0,2.0,19.666666666666668,17.666666666666668,18.4,20.0,17.666666666666668,2022.5
89,22,1,22.0,17.0,22.0,20.0,18.0,21.0,10.0,17.0,19.0,2.0,19.666666666666668,16.333333333333332,17.2,17.0,16.333333333333332,2022.5
90,22,1,35.0,31.0,31.0,28.0,28.0,32.0,17.0,33.0,30.0,1.0,30.0,25.666666666666668,27.6,33.0,25.666666666666668,2022.5
91,22,1,16.0,14.0,15.0,12.0,14.0,15.0,6.0,12.0,13.0,2.0,13.666666666666666,11.666666666666666,11.8,12.0,11.666666666666666,2022.5
92,22,1,10.0,8.0,8.0,9.0,8.0,9.0,4.0,9.0,6.0,3.0,8.333333333333334,7.0,7.8,9.0,7.0,2022.5
93,22,1,12.0,10.0,12.0,8.0,10.0,10.0,4.0,9.0,8.0,1.0,10.0,8.0,8.2,9.0,8.0,2022.5
150,22,1,51.0,43.0,48.0,36.0,48.0,51.0,30.0,44.0,42.0,0.0,42.333333333333336,43.0,41.8,44.0,43.0,2022.0
153,22,1,8.0,5.0,6.0,8.0,8.0,8.0,7.0,7.0,7.0,1.0,6.333333333333333,7.666666666666667,7.6,7.0,7.666666666666667,2022.0
154,22,1,9.0,8.0,8.0,5.0,8.0,6.0,5.0,5.0,5.0,1.0,7.0,6.333333333333333,5.8,5.0,6.333333333333333,2022.0
155,22,1,18.0,16.0,17.0,16.0,16.0,15.0,9.0,12.0,15.0,1.0,16.333333333333332,13.333333333333334,13.6,12.0,13.333333333333334,2022.0
156,22,1,10.0,6.0,9.0,10.0,8.0,10.0,8.0,8.0,9.0,1.0,8.333333333333334,8.666666666666666,8.8,8.0,8.666666666666666,2022.0
157,22,1,10.0,6.0,10.0,7.0,9.0,9.0,3.0,8.0,7.0,1.0,7.666666666666667,7.0,7.2,8.0,7.0,2022.0
159,22,1,21.0,16.0,19.0,15.0,19.0,20.0,7.0,13.0,16.0,1.0,16.666666666666668,15.333333333333334,14.8,13.0,15.333333333333334,2022.0
160,22,1,13.0,10.0,13.0,11.0,8.0,13.0,5.0,8.0,9.0,1.0,11.333333333333334,8.666666666666666,9.0,8.0,8.666666666666666,2022.0
161,22,1,22.0,20.0,21.0,13.0,19.0,18.0,10.0,19.0,18.0,2.0,18.0,15.666666666666666,15.8,19.0,15.666666666666666,2022.0
162,22,1,22.0,21.0,22.0,20.0,19.0,19.0,12.0,18.0,19.0,2.0,21.0,16.666666666666668,17.6,18.0,16.666666666666668,2022.0
163,22,1,30.0,20.0,27.0,16.0,23.0,27.0,15.0,16.0,19.0,2.0,21.0,21.666666666666668,19.4,16.0,21.666666666666668,2022.0
164,22,1,7.0,5.0,7.0,7.0,7.0,6.0,4.0,6.0,6.0,1.0,6.333333333333333,5.666666666666667,6.0,6.0,5.666666666666667,2022.0
166,22,1,19.0,16.0,19.0,15.0,18.0,19.0,12.0,15.0,18.0,3.0,16.666666666666668,16.333333333333332,15.8,15.0,16.333333333333332,2022.0
167,22,1,8.0,7.0,5.0,6.0,7.0,8.0,3.0,4.0,4.0,1.0,6.0,6.0,5.6,4.0,6.0,2022.0
240,21,1,68.0,51.0,64.0,56.0,56.0,63.0,46.0,51.0,50.0,0.0,57.0,55.0,54.4,51.0,55.0,2021.5
241,21,1,42.0,28.0,35.0,30.0,35.0,40.0,25.0,34.0,32.0,0.0,31.0,33.333333333333336,32.8,34.0,33.333333333333336,2021.5
242,21,1,18.0,13.0,18.0,16.0,14.0,14.0,10.0,9.0,12.0,0.0,15.666666666666666,12.666666666666666,12.6,9.0,12.666666666666666,2021.5
243,21,1,22.0,17.0,16.0,18.0,20.0,19.0,4.0,12.0,13.0,0.0,17.0,14.333333333333334,14.6,12.0,14.333333333333334,2021.5
244,21,1,18.0,15.0,15.0,11.0,15.0,16.0,9.0,14.0,14.0,0.0,13.666666666666666,13.333333333333334,13.0,14.0,13.333333333333334,2021.5
245,21,1,14.0,10.0,13.0,7.0,12.0,13.0,4.0,11.0,11.0,1.0,10.0,9.666666666666666,9.4,11.0,9.666666666666666,2021.5
246,21,1,11.0,9.0,11.0,8.0,9.0,11.0,5.0,8.0,8.0,1.0,9.333333333333334,8.333333333333334,8.2,8.0,8.333333333333334,2021.5
247,21,1,8.0,3.0,6.0,8.0,8.0,8.0,6.0,8.0,8.0,1.0,5.666666666666667,7.333333333333333,7.6,8.0,7.333333333333333,2021.5
248,21,1,29.0,24.0,26.0,21.0,20.0,28.0,10.0,17.0,24.0,2.0,23.666666666666668,19.333333333333332,19.2,17.0,19.333333333333332,2021.5
249,21,1,25.0,12.0,22.0,17.0,19.0,22.0,5.0,21.0,14.0,2.0,17.0,15.333333333333334,16.8,21.0,15.333333333333334,2021.5
250,21,1,10.0,3.0,10.0,7.0,8.0,7.0,5.0,8.0,7.0,2.0,6.666666666666667,6.666666666666667,7.0,8.0,6.666666666666667,2021.5
251,21,1,10.0,6.0,9.0,5.0,8.0,9.0,2.0,6.0,4.0,1.0,6.666666666666667,6.333333333333333,6.0,6.0,6.333333333333333,2021.5
252,21,1,11.0,10.0,10.0,9.0,11.0,10.0,6.0,11.0,11.0,1.0,9.666666666666666,9.0,9.4,11.0,9.0,2021.5
305,19,1,40.0,31.0,37.0,23.0,37.0,38.0,22.0,31.0,31.0,0.0,30.333333333333332,32.333333333333336,30.2,31.0,32.333333333333336,2019.5
306,19,1,13.0,8.0,12.0,8.0,11.0,12.0,3.0,8.0,8.0,1.0,9.333333333333334,8.666666666666666,8.4,8.0,8.666666666666666,2019.5
307,19,1,28.0,19.0,26.0,20.0,21.0,23.0,14.0,22.0,20.0,1.0,21.666666666666668,19.333333333333332,20.0,22.0,19.333333333333332,2019.5
308,19,1,26.0,15.0,19.0,19.0,23.0,24.0,5.0,17.0,17.0,1.0,17.666666666666668,17.333333333333332,17.6,17.0,17.333333333333332,2019.5
309,19,1,23.0,19.0,21.0,15.0,20.0,22.0,8.0,21.0,18.0,1.0,18.333333333333332,16.666666666666668,17.2,21.0,16.666666666666668,2019.5
310,19,1,22.0,11.0,18.0,22.0,19.0,21.0,13.0,20.0,20.0,1.0,17.0,17.666666666666668,19.0,20.0,17.666666666666668,2019.5
311,19,1,13.0,8.0,10.0,11.0,9.0,12.0,5.0,10.0,11.0,1.0,9.666666666666666,8.666666666666666,9.4,10.0,8.666666666666666,2019.5
312,19,1,13.0,9.0,13.0,9.0,11.0,13.0,4.0,9.0,9.0,1.0,10.333333333333334,9.333333333333334,9.2,9.0,9.333333333333334,2019.5
313,19,1,29.0,23.0,27.0,21.0,25.0,25.0,16.0,24.0,20.0,2.0,23.666666666666668,22.0,22.2,24.0,22.0,2019.5
314,19,1,23.0,20.0,21.0,17.0,18.0,21.0,13.0,12.0,18.0,2.0,19.333333333333332,17.333333333333332,16.2,12.0,17.333333333333332,2019.5
315,19,1,26.0,22.0,25.0,19.0,23.0,23.0,9.0,21.0,21.0,2.0,22.0,18.333333333333332,19.0,21.0,18.333333333333332,2019.5
316,19,1,15.0,13.0,14.0,11.0,11.0,14.0,4.0,12.0,10.0,2.0,12.666666666666666,9.666666666666666,10.4,12.0,9.666666666666666,2019.5
317,19,1,20.0,11.0,18.0,15.0,13.0,17.0,7.0,13.0,13.0,2.0,14.666666666666666,12.333333333333334,13.0,13.0,12.333333333333334,2019.5
318,19,1,23.0,15.0,21.0,16.0,20.0,21.0,12.0,18.0,17.0,2.0,17.333333333333332,17.666666666666668,17.4,18.0,17.666666666666668,2019.5
319,19,1,13.0,8.0,11.0,9.0,9.0,12.0,6.0,8.0,8.0,2.0,9.333333333333334,9.0,8.8,8.0,9.0,2019.5
320,19,1,13.0,10.0,12.0,12.0,13.0,13.0,7.0,10.0,12.0,2.0,11.333333333333334,11.0,11.0,10.0,11.0,2019.5
321,19,1,12.0,11.0,10.0,9.0,12.0,4.0,6.0,9.0,9.0,1.0,10.0,7.333333333333333,8.0,9.0,7.333333333333333,2019.5
322,19,1,13.0,7.0,13.0,9.0,11.0,12.0,4.0,11.0,12.0,1.0,9.666666666666666,9.0,9.4,11.0,9.0,2019.5
323,19,1,13.0,10.0,12.0,8.0,12.0,12.0,7.0,9.0,10.0,1.0,10.0,10.333333333333334,9.6,9.0,10.333333333333334,2019.5
400,19,1,7.0,5.0,6.0,5.0,7.0,7.0,4.0,6.0,6.0,1.0,5.333333333333333,6.0,5.8,6.0,6.0,2019.0
401,19,1,54.0,39.0,51.0,41.0,45.0,51.0,28.0,38.0,37.0,0.0,43.666666666666664,41.333333333333336,40.6,38.0,41.333333333333336,2019.0
402,19,1,30.0,22.0,30.0,22.0,21.0,22.0,11.0,25.0,20.0,2.0,24.666666666666668,18.0,20.2,25.0,18.0,2019.0
403,19,1,25.0,20.0,20.0,18.0,22.0,21.0,9.0,19.0,17.0,1.0,19.333333333333332,17.333333333333332,17.8,19.0,17.333333333333332,2019.0
404,19,1,28.0,22.0,25.0,20.0,22.0,24.0,8.0,20.0,18.0,2.0,22.333333333333332,18.0,18.8,20.0,18.0,2019.0
405,19,1,26.0,16.0,23.0,18.0,18.0,25.0,5.0,16.0,15.0,2.0,19.0,16.0,16.4,16.0,16.0,2019.0
406,19,1,25.0,14.0,23.0,13.0,19.0,23.0,7.0,13.0,17.0,2.0,16.666666666666668,16.333333333333332,15.0,13.0,16.333333333333332,2019.0
407,19,1,27.0,26.0,26.0,25.0,25.0,21.0,12.0,19.0,24.0,1.0,25.666666666666668,19.333333333333332,20.4,19.0,19.333333333333332,2019.0
408,19,1,17.0,11.0,16.0,10.0,14.0,10.0,6.0,14.0,9.0,1.0,12.333333333333334,10.0,10.8,14.0,10.0,2019.0
409,19,1,14.0,7.0,12.0,8.0,10.0,13.0,8.0,11.0,9.0,1.0,9.0,10.333333333333334,10.0,11.0,10.333333333333334,2019.0
410,19,1,15.0,11.0,14.0,10.0,12.0,13.0,3.0,9.0,9.0,1.0,11.666666666666666,9.333333333333334,9.4,9.0,9.333333333333334,2019.0
455,18,1,27.0,24.0,23.0,21.0,20.0,23.0,12.0,23.0,23.0,1.0,22.666666666666668,18.333333333333332,19.8,23.0,18.333333333333332,2018.5
458,18,1,31.0,23.0,29.0,21.0,28.0,28.0,14.0,25.0,21.0,0.0,24.333333333333332,23.333333333333332,23.2,25.0,23.333333333333332,2018.5
459,18,1,13.0,10.0,10.0,9.0,11.0,12.0,4.0,8.0,8.0,0.0,9.666666666666666,9.0,8.8,8.0,9.0,2018.5
460,18,1,28.0,26.0,25.0,16.0,22.0,25.0,10.0,22.0,23.0,2.0,22.333333333333332,19.0,19.0,22.0,19.0,2018.5
461,18,1,31.0,21.0,27.0,21.0,23.0,29.0,8.0,23.0,21.0,2.0,23.0,20.0,20.8,23.0,20.0,2018.5
462,18,1,26.0,19.0,19.0,18.0,19.0,22.0,7.0,18.0,14.0,1.0,18.666666666666668,16.0,16.8,18.0,16.0,2018.5
463,18,1,25.0,23.0,25.0,17.0,20.0,19.0,10.0,16.0,16.0,1.0,21.666666666666668,16.333333333333332,16.4,16.0,16.333333333333332,2018.5
464,18,1,27.0,21.0,24.0,15.0,22.0,25.0,10.0,22.0,17.0,2.0,20.0,19.0,18.8,22.0,19.0,2018.5
465,18,1,27.0,22.0,24.0,18.0,22.0,25.0,7.0,20.0,19.0,2.0,21.333333333333332,18.0,18.4,20.0,18.0,2018.5
466,18,1,11.0,7.0,8.0,7.0,7.0,9.0,3.0,9.0,5.0,2.0,7.333333333333333,6.333333333333333,7.0,9.0,6.333333333333333,2018.5
467,18,1,24.0,20.0,20.0,21.0,23.0,23.0,17.0,24.0,20.0,1.0,20.333333333333332,21.0,21.6,24.0,21.0,2018.5
468,18,1,29.0,23.0,25.0,20.0,27.0,28.0,11.0,26.0,22.0,1.0,22.666666666666668,22.0,22.4,26.0,22.0,2018.5
469,18,1,14.0,7.0,13.0,5.0,7.0,11.0,7.0,10.0,6.0,1.0,8.333333333333334,8.333333333333334,8.0,10.0,8.333333333333334,2018.5
470,18,1,13.0,11.0,11.0,6.0,9.0,11.0,3.0,7.0,6.0,1.0,9.333333333333334,7.666666666666667,7.2,7.0,7.666666666666667,2018.5
16,23,2,32.0,29.0,24.0,29.0,30.0,15.0,21.0,29.0,23.0,0.0,28.0,22.0,21.0,29.0,18.0,2023.0
17,23,2,25.0,24.0,19.0,22.0,19.0,14.0,15.0,16.0,16.0,0.0,21.0,16.0,15.0,16.0,14.5,2023.0
18,23,2,25.0,18.0,17.0,23.0,22.0,17.0,16.0,25.0,20.0,1.0,20.0,18.333333333333332,16.0,25.0,16.5,2023.0
19,23,2,26.0,21.0,11.0,22.0,17.0,14.0,8.0,17.0,15.0,1.0,17.75,13.0,8.0,17.0,11.0,2023.0
20,23,2,11.0,9.0,7.0,11.0,7.0,3.0,7.0,10.0,7.0,1.0,8.5,5.666666666666667,7.0,10.0,5.0,2023.0
21,23,2,15.0,11.0,10.0,13.0,13.0,5.0,7.0,11.0,6.0,1.0,11.75,8.333333333333334,7.0,11.0,6.0,2023.0
22,23,2,14.0,13.0,11.0,12.0,8.0,8.0,8.0,9.0,10.0,1.0,11.0,8.0,8.0,9.0,8.0,2023.0
23,23,2,13.0,13.0,9.0,9.0,8.0,4.0,8.0,6.0,7.0,1.0,9.75,6.666666666666667,8.0,6.0,6.0,2023.0
24,23,2,8.0,8.0,5.0,6.0,6.0,4.0,3.0,4.0,5.0,1.0,6.25,4.333333333333333,3.0,4.0,3.5,2023.0
25,23,2,29.0,27.0,22.0,27.0,23.0,17.0,15.0,19.0,18.0,2.0,24.75,18.333333333333332,15.0,19.0,16.0,2023.0
26,23,2,24.0,21.0,18.0,20.0,20.0,8.0,5.0,14.0,10.0,2.0,19.75,11.0,5.0,14.0,6.5,2023.0
27,23,2,27.0,26.0,17.0,21.0,20.0,20.0,11.0,21.0,17.0,2.0,21.0,17.0,11.0,21.0,15.5,2023.0
28,23,2,23.0,21.0,14.0,20.0,14.0,7.0,7.0,10.0,9.0,2.0,17.25,9.333333333333334,7.0,10.0,7.0,2023.0
29,23,2,27.0,27.0,19.0,24.0,22.0,16.0,12.0,15.0,16.0,2.0,23.0,16.666666666666668,12.0,15.0,14.0,2023.0
30,23,2,13.0,12.0,10.0,12.0,11.0,7.0,11.0,13.0,11.0,3.0,11.25,9.666666666666666,11.0,13.0,9.0,2023.0
31,23,2,13.0,12.0,12.0,11.0,13.0,8.0,11.0,12.0,12.0,3.0,12.0,10.666666666666666,11.0,12.0,9.5,2023.0
94,22,2,32.0,31.0,21.0,24.0,23.0,12.0,22.0,23.0,21.0,0.0,24.75,19.0,22.0,23.0,17.0,2022.5
95,22,2,21.0,17.0,10.0,8.0,16.0,8.0,13.0,12.0,9.0,0.0,12.75,12.333333333333334,13.0,12.0,10.5,2022.5
96,22,2,21.0,20.0,9.0,18.0,10.0,7.0,11.0,11.0,9.0,0.0,14.25,9.333333333333334,11.0,11.0,9.0,2022.5
97,22,2,27.0,25.0,20.0,21.0,20.0,17.0,17.0,19.0,18.0,0.0,21.5,18.0,17.0,19.0,17.0,2022.5
98,22,2,27.0,21.0,17.0,20.0,20.0,11.0,9.0,13.0,11.0,0.0,19.5,13.333333333333334,9.0,13.0,10.0,2022.5
99,22,2,11.0,8.0,6.0,9.0,9.0,8.0,3.0,10.0,8.0,0.0,8.0,6.666666666666667,3.0,10.0,5.5,2022.5
100,22,2,22.0,16.0,20.0,21.0,17.0,6.0,16.0,18.0,16.0,1.0,18.5,13.0,16.0,18.0,11.0,2022.5
101,22,2,11.0,10.0,9.0,11.0,9.0,9.0,8.0,7.0,9.0,1.0,9.75,8.666666666666666,8.0,7.0,8.5,2022.5
102,22,2,23.0,21.0,14.0,18.0,14.0,5.0,8.0,17.0,10.0,2.0,16.75,9.0,8.0,17.0,6.5,2022.5
103,22,2,22.0,22.0,14.0,17.0,19.0,10.0,8.0,15.0,13.0,2.0,18.0,12.333333333333334,8.0,15.0,9.0,2022.5
104,22,2,35.0,32.0,23.0,30.0,31.0,16.0,26.0,29.0,28.0,1.0,29.0,24.333333333333332,26.0,29.0,21.0,2022.5
105,22,2,16.0,15.0,9.0,13.0,12.0,5.0,6.0,10.0,9.0,2.0,12.25,7.666666666666667,6.0,10.0,5.5,2022.5
106,22,2,10.0,10.0,7.0,7.0,10.0,6.0,4.0,7.0,5.0,3.0,8.5,6.666666666666667,4.0,7.0,5.0,2022.5
107,22,2,12.0,10.0,8.0,10.0,10.0,6.0,7.0,6.0,6.0,1.0,9.5,7.666666666666667,7.0,6.0,6.5,2022.5
168,22,2,51.0,50.0,37.0,43.0,39.0,15.0,31.0,41.0,38.0,0.0,42.25,28.333333333333332,31.0,41.0,23.0,2022.0
171,22,2,8.0,7.0,6.0,7.0,8.0,2.0,6.0,7.0,6.0,1.0,7.0,5.333333333333333,6.0,7.0,4.0,2022.0
172,22,2,9.0,7.0,6.0,8.0,6.0,2.0,5.0,6.0,4.0,1.0,6.75,4.333333333333333,5.0,6.0,3.5,2022.0
173,22,2,18.0,16.0,12.0,17.0,13.0,6.0,8.0,14.0,10.0,1.0,14.5,9.0,8.0,14.0,7.0,2022.0
174,22,2,10.0,8.0,5.0,9.0,10.0,4.0,6.0,9.0,6.0,1.0,8.0,6.666666666666667,6.0,9.0,5.0,2022.0
175,22,2,10.0,10.0,7.0,9.0,9.0,6.0,6.0,7.0,8.0,1.0,8.75,7.0,6.0,7.0,6.0,2022.0
177,22,2,21.0,19.0,14.0,19.0,18.0,11.0,8.0,11.0,10.0,1.0,17.5,12.333333333333334,8.0,11.0,9.5,2022.0
178,22,2,13.0,13.0,8.0,12.0,9.0,7.0,4.0,10.0,9.0,1.0,10.5,6.666666666666667,4.0,10.0,5.5,2022.0
179,22,2,22.0,20.0,17.0,20.0,20.0,11.0,7.0,17.0,14.0,2.0,19.25,12.666666666666666,7.0,17.0,9.0,2022.0
180,22,2,22.0,22.0,15.0,18.0,18.0,14.0,11.0,17.0,15.0,2.0,18.25,14.333333333333334,11.0,17.0,12.5,2022.0
181,22,2,30.0,25.0,19.0,23.0,19.0,14.0,14.0,22.0,17.0,2.0,21.5,15.666666666666666,14.0,22.0,14.0,2022.0
182,22,2,7.0,7.0,4.0,6.0,4.0,3.0,5.0,3.0,3.0,1.0,5.25,4.0,5.0,3.0,4.0,2022.0
184,22,2,19.0,17.0,13.0,16.0,13.0,8.0,8.0,14.0,9.0,3.0,14.75,9.666666666666666,8.0,14.0,8.0,2022.0
185,22,2,8.0,7.0,3.0,7.0,4.0,3.0,4.0,2.0,2.0,1.0,5.25,3.6666666666666665,4.0,2.0,3.5,2022.0
253,21,2,68.0,61.0,51.0,56.0,54.0,30.0,31.0,52.0,48.0,0.0,55.5,38.333333333333336,31.0,52.0,30.5,2021.5
254,21,2,42.0,33.0,21.0,28.0,34.0,12.0,28.0,28.0,23.0,0.0,29.0,24.666666666666668,28.0,28.0,20.0,2021.5
255,21,2,18.0,15.0,9.0,11.0,14.0,6.0,5.0,12.0,11.0,0.0,12.25,8.333333333333334,5.0,12.0,5.5,2021.5
256,21,2,22.0,18.0,14.0,18.0,16.0,12.0,11.0,15.0,13.0,0.0,16.5,13.0,11.0,15.0,11.5,2021.5
257,21,2,18.0,14.0,12.0,12.0,14.0,9.0,4.0,12.0,8.0,0.0,13.0,9.0,4.0,12.0,6.5,2021.5
258,21,2,14.0,12.0,8.0,11.0,12.0,7.0,5.0,11.0,9.0,1.0,10.75,8.0,5.0,11.0,6.0,2021.5
259,21,2,11.0,10.0,9.0,8.0,9.0,7.0,6.0,8.0,7.0,1.0,9.0,7.333333333333333,6.0,8.0,6.5,2021.5
260,21,2,8.0,7.0,5.0,6.0,4.0,2.0,4.0,8.0,3.0,1.0,5.5,3.3333333333333335,4.0,8.0,3.0,2021.5
261,21,2,29.0,21.0,17.0,25.0,24.0,15.0,5.0,15.0,19.0,2.0,21.75,14.666666666666666,5.0,15.0,10.0,2021.5
262,21,2,25.0,19.0,13.0,19.0,15.0,10.0,5.0,17.0,10.0,2.0,16.5,10.0,5.0,17.0,7.5,2021.5
263,21,2,10.0,8.0,6.0,7.0,7.0,6.0,3.0,7.0,4.0,2.0,7.0,5.333333333333333,3.0,7.0,4.5,2021.5
264,21,2,10.0,9.0,5.0,6.0,7.0,4.0,6.0,4.0,4.0,1.0,6.75,5.666666666666667,6.0,4.0,5.0,2021.5
265,21,2,11.0,8.0,9.0,11.0,10.0,3.0,5.0,8.0,7.0,1.0,9.5,6.0,5.0,8.0,4.0,2021.5
324,19,2,40.0,37.0,23.0,23.0,29.0,18.0,20.0,32.0,24.0,0.0,28.0,22.333333333333332,20.0,32.0,19.0,2019.5
325,19,2,13.0,10.0,7.0,11.0,12.0,8.0,7.0,9.0,9.0,1.0,10.0,9.0,7.0,9.0,7.5,2019.5
326,19,2,28.0,22.0,15.0,26.0,21.0,14.0,11.0,18.0,18.0,1.0,21.0,15.333333333333334,11.0,18.0,12.5,2019.5
327,19,2,26.0,23.0,15.0,21.0,20.0,12.0,9.0,17.0,16.0,1.0,19.75,13.666666666666666,9.0,17.0,10.5,2019.5
328,19,2,23.0,19.0,17.0,16.0,17.0,14.0,14.0,19.0,17.0,1.0,17.25,15.0,14.0,19.0,14.0,2019.5
329,19,2,22.0,18.0,12.0,18.0,19.0,7.0,11.0,18.0,14.0,1.0,16.75,12.333333333333334,11.0,18.0,9.0,2019.5
330,19,2,13.0,9.0,8.0,11.0,10.0,5.0,6.0,7.0,8.0,1.0,9.5,7.0,6.0,7.0,5.5,2019.5
331,19,2,13.0,11.0,5.0,13.0,7.0,4.0,7.0,9.0,5.0,1.0,9.0,6.0,7.0,9.0,5.5,2019.5
332,19,2,29.0,22.0,22.0,26.0,19.0,15.0,10.0,19.0,14.0,2.0,22.25,14.666666666666666,10.0,19.0,12.5,2019.5
333,19,2,23.0,20.0,15.0,19.0,18.0,10.0,11.0,11.0,16.0,2.0,18.0,13.0,11.0,11.0,10.5,2019.5
334,19,2,26.0,22.0,15.0,21.0,23.0,11.0,11.0,17.0,16.0,2.0,20.25,15.0,11.0,17.0,11.0,2019.5
335,19,2,15.0,14.0,15.0,12.0,13.0,9.0,5.0,12.0,9.0,2.0,13.5,9.0,5.0,12.0,7.0,2019.5
336,19,2,20.0,15.0,10.0,16.0,18.0,5.0,4.0,14.0,6.0,2.0,14.75,9.0,4.0,14.0,4.5,2019.5
337,19,2,23.0,21.0,15.0,21.0,16.0,11.0,8.0,21.0,13.0,2.0,18.25,11.666666666666666,8.0,21.0,9.5,2019.5
338,19,2,13.0,10.0,10.0,10.0,7.0,3.0,3.0,5.0,3.0,2.0,9.25,4.333333333333333,3.0,5.0,3.0,2019.5
339,19,2,13.0,13.0,8.0,12.0,11.0,8.0,7.0,11.0,10.0,2.0,11.0,8.666666666666666,7.0,11.0,7.5,2019.5
340,19,2,12.0,8.0,10.0,9.0,9.0,9.0,8.0,10.0,9.0,1.0,9.0,8.666666666666666,8.0,10.0,8.5,2019.5
341,19,2,13.0,12.0,8.0,11.0,10.0,3.0,4.0,10.0,8.0,1.0,10.25,5.666666666666667,4.0,10.0,3.5,2019.5
342,19,2,13.0,11.0,8.0,11.0,7.0,6.0,7.0,7.0,6.0,1.0,9.25,6.666666666666667,7.0,7.0,6.5,2019.5
411,19,2,7.0,6.0,4.0,7.0,7.0,6.0,7.0,7.0,7.0,1.0,6.0,6.666666666666667,7.0,7.0,6.5,2019.0
412,19,2,54.0,52.0,34.0,75.0,44.0,17.0,21.0,38.0,41.0,0.0,51.25,27.333333333333332,21.0,38.0,19.0,2019.0
413,19,2,30.0,24.0,17.0,24.0,26.0,14.0,17.0,18.0,17.0,2.0,22.75,19.0,17.0,18.0,15.5,2019.0
414,19,2,25.0,19.0,12.0,21.0,19.0,15.0,11.0,19.0,16.0,1.0,17.75,15.0,11.0,19.0,13.0,2019.0
415,19,2,28.0,25.0,10.0,25.0,18.0,11.0,6.0,16.0,14.0,2.0,19.5,11.666666666666666,6.0,16.0,8.5,2019.0
416,19,2,26.0,23.0,13.0,23.0,19.0,11.0,6.0,13.0,14.0,2.0,19.5,12.0,6.0,13.0,8.5,2019.0
417,19,2,25.0,23.0,13.0,19.0,19.0,6.0,11.0,14.0,15.0,2.0,18.5,12.0,11.0,14.0,8.5,2019.0
418,19,2,27.0,19.0,17.0,22.0,17.0,11.0,12.0,20.0,14.0,1.0,18.75,13.333333333333334,12.0,20.0,11.5,2019.0
419,19,2,17.0,10.0,10.0,11.0,13.0,3.0,5.0,11.0,5.0,1.0,11.0,7.0,5.0,11.0,4.0,2019.0
420,19,2,14.0,11.0,12.0,8.0,7.0,3.0,7.0,6.0,7.0,1.0,9.5,5.666666666666667,7.0,6.0,5.0,2019.0
421,19,2,15.0,12.0,9.0,14.0,14.0,5.0,8.0,8.0,9.0,1.0,12.25,9.0,8.0,8.0,6.5,2019.0
471,18,2,27.0,22.0,16.0,20.0,21.0,9.0,13.0,16.0,14.0,1.0,19.75,14.333333333333334,13.0,16.0,11.0,2018.5
472,18,2,29.0,26.0,18.0,28.0,22.0,16.0,11.0,18.0,18.0,2.0,23.5,16.333333333333332,11.0,18.0,13.5,2018.5
473,18,2,27.0,21.0,20.0,27.0,22.0,16.0,9.0,19.0,14.0,2.0,22.5,15.666666666666666,9.0,19.0,12.5,2018.5
474,18,2,31.0,26.0,18.0,24.0,22.0,9.0,5.0,23.0,15.0,0.0,22.5,12.0,5.0,23.0,7.0,2018.5
475,18,2,13.0,12.0,7.0,7.0,10.0,4.0,4.0,9.0,6.0,0.0,9.0,6.0,4.0,9.0,4.0,2018.5
476,18,2,28.0,24.0,21.0,25.0,19.0,10.0,13.0,18.0,15.0,2.0,22.25,14.0,13.0,18.0,11.5,2018.5
477,18,2,31.0,24.0,19.0,23.0,20.0,7.0,6.0,13.0,9.0,2.0,21.5,11.0,6.0,13.0,6.5,2018.5
478,18,2,26.0,21.0,14.0,21.0,19.0,11.0,11.0,24.0,14.0,1.0,18.75,13.666666666666666,11.0,24.0,11.0,2018.5
479,18,2,25.0,17.0,6.0,17.0,14.0,6.0,9.0,16.0,6.0,1.0,13.5,9.666666666666666,9.0,16.0,7.5,2018.5
480,18,2,27.0,24.0,15.0,23.0,16.0,12.0,12.0,23.0,17.0,2.0,19.5,13.333333333333334,12.0,23.0,12.0,2018.5
481,18,2,27.0,26.0,18.0,22.0,22.0,15.0,15.0,25.0,21.0,2.0,22.0,17.333333333333332,15.0,25.0,15.0,2018.5
482,18,2,11.0,10.0,7.0,9.0,9.0,2.0,3.0,8.0,8.0,2.0,8.75,4.666666666666667,3.0,8.0,2.5,2018.5
483,18,2,24.0,19.0,22.0,22.0,22.0,9.0,18.0,18.0,19.0,1.0,21.25,16.333333333333332,18.0,18.0,13.5,2018.5
484,18,2,29.0,18.0,19.0,26.0,24.0,16.0,10.0,15.0,14.0,1.0,21.75,16.666666666666668,10.0,15.0,13.0,2018.5
485,18,2,14.0,13.0,6.0,12.0,12.0,5.0,0.0,8.0,4.0,1.0,10.75,5.666666666666667,0.0,8.0,2.5,2018.5
486,18,2,13.0,11.0,6.0,9.0,9.0,5.0,0.0,10.0,4.0,1.0,8.75,4.666666666666667,0.0,10.0,2.5,2018.5
32,23,3,32.0,21.0,29.0,22.0,21.0,22.0,21.0,28.0,22.0,0.0,24.0,21.333333333333332,,28.0,22.0,2023.0
33,23,3,25.0,11.0,21.0,10.0,17.0,12.0,16.0,12.0,12.0,0.0,14.0,15.0,,12.0,11.0,2023.0
34,23,3,25.0,13.0,24.0,15.0,19.0,13.0,9.0,19.0,11.0,1.0,17.333333333333332,13.666666666666666,,19.0,14.0,2023.0
35,23,3,26.0,20.0,24.0,17.0,13.0,16.0,13.0,13.0,15.0,1.0,20.333333333333332,14.0,,13.0,16.5,2023.0
36,23,3,11.0,5.0,11.0,9.0,9.0,8.0,6.0,9.0,8.0,1.0,8.333333333333334,7.666666666666667,,9.0,8.5,2023.0
37,23,3,15.0,7.0,13.0,8.0,11.0,4.0,8.0,8.0,5.0,1.0,9.333333333333334,7.666666666666667,,8.0,6.0,2023.0
38,23,3,14.0,7.0,14.0,10.0,12.0,11.0,10.0,8.0,9.0,1.0,10.333333333333334,11.0,,8.0,10.5,2023.0
39,23,3,13.0,9.0,11.0,4.0,9.0,7.0,5.0,9.0,6.0,1.0,8.0,7.0,,9.0,5.5,2023.0
40,23,3,8.0,7.0,4.0,4.0,5.0,4.0,4.0,7.0,4.0,1.0,5.0,4.333333333333333,,7.0,4.0,2023.0
41,23,3,29.0,24.0,26.0,20.0,25.0,22.0,19.0,26.0,26.0,2.0,23.333333333333332,22.0,,26.0,21.0,2023.0
42,23,3,24.0,21.0,19.0,16.0,19.0,16.0,13.0,15.0,16.0,2.0,18.666666666666668,16.0,,15.0,16.0,2023.0
43,23,3,27.0,27.0,25.0,20.0,25.0,19.0,14.0,19.0,21.0,2.0,24.0,19.333333333333332,,19.0,19.5,2023.0
44,23,3,23.0,18.0,20.0,14.0,15.0,19.0,11.0,14.0,12.0,2.0,17.333333333333332,15.0,,14.0,16.5,2023.0
45,23,3,27.0,25.0,27.0,17.0,23.0,20.0,14.0,20.0,21.0,2.0,23.0,19.0,,20.0,18.5,2023.0
46,23,3,13.0,10.0,12.0,9.0,11.0,10.0,11.0,12.0,11.0,3.0,10.333333333333334,10.666666666666666,,12.0,9.5,2023.0
47,23,3,13.0,11.0,12.0,11.0,12.0,9.0,13.0,13.0,11.0,3.0,11.333333333333334,11.333333333333334,,13.0,10.0,2023.0
108,22,3,32.0,19.0,30.0,20.0,22.0,17.0,15.0,24.0,19.0,0.0,23.0,18.0,,24.0,18.5,2022.5
109,22,3,21.0,12.0,18.0,7.0,12.0,13.0,8.0,13.0,8.0,0.0,12.333333333333334,11.0,,13.0,10.0,2022.5
110,22,3,21.0,12.0,19.0,12.0,14.0,9.0,12.0,16.0,11.0,0.0,14.333333333333334,11.666666666666666,,16.0,10.5,2022.5
111,22,3,27.0,20.0,25.0,19.0,24.0,16.0,13.0,19.0,17.0,0.0,21.333333333333332,17.666666666666668,,19.0,17.5,2022.5
112,22,3,27.0,20.0,22.0,9.0,19.0,20.0,9.0,11.0,15.0,0.0,17.0,16.0,,11.0,14.5,2022.5
113,22,3,11.0,8.0,10.0,9.0,9.0,5.0,6.0,9.0,5.0,0.0,9.0,6.666666666666667,,9.0,7.0,2022.5
114,22,3,22.0,10.0,22.0,11.0,19.0,12.0,10.0,16.0,10.0,1.0,14.333333333333334,13.666666666666666,,16.0,11.5,2022.5
115,22,3,11.0,7.0,11.0,5.0,9.0,8.0,8.0,9.0,6.0,1.0,7.666666666666667,8.333333333333334,,9.0,6.5,2022.5
116,22,3,23.0,23.0,19.0,16.0,21.0,17.0,17.0,20.0,20.0,2.0,19.333333333333332,18.333333333333332,,20.0,16.5,2022.5
117,22,3,22.0,18.0,21.0,11.0,21.0,13.0,13.0,18.0,15.0,2.0,16.666666666666668,15.666666666666666,,18.0,12.0,2022.5
118,22,3,35.0,17.0,32.0,18.0,27.0,25.0,28.0,27.0,24.0,1.0,22.333333333333332,26.666666666666668,,27.0,21.5,2022.5
119,22,3,16.0,13.0,13.0,9.0,14.0,10.0,11.0,14.0,11.0,2.0,11.666666666666666,11.666666666666666,,14.0,9.5,2022.5
120,22,3,10.0,8.0,10.0,3.0,7.0,4.0,4.0,5.0,3.0,3.0,7.0,5.0,,5.0,3.5,2022.5
121,22,3,12.0,5.0,12.0,6.0,8.0,7.0,6.0,9.0,6.0,1.0,7.666666666666667,7.0,,9.0,6.5,2022.5
186,22,3,51.0,27.0,44.0,31.0,27.0,27.0,31.0,41.0,27.0,0.0,34.0,28.333333333333332,,41.0,29.0,2022.0
189,22,3,8.0,5.0,8.0,4.0,7.0,5.0,8.0,7.0,6.0,1.0,5.666666666666667,6.666666666666667,,7.0,4.5,2022.0
190,22,3,9.0,9.0,9.0,4.0,8.0,6.0,7.0,8.0,7.0,1.0,7.333333333333333,7.0,,8.0,5.0,2022.0
191,22,3,18.0,15.0,16.0,8.0,15.0,12.0,7.0,13.0,12.0,1.0,13.0,11.333333333333334,,13.0,10.0,2022.0
192,22,3,10.0,5.0,10.0,6.0,8.0,6.0,4.0,5.0,4.0,1.0,7.0,6.0,,5.0,6.0,2022.0
193,22,3,10.0,7.0,9.0,4.0,10.0,6.0,6.0,7.0,7.0,1.0,6.666666666666667,7.333333333333333,,7.0,5.0,2022.0
195,22,3,21.0,17.0,16.0,14.0,12.0,13.0,8.0,12.0,12.0,1.0,15.666666666666666,11.0,,12.0,13.5,2022.0
196,22,3,13.0,8.0,9.0,11.0,11.0,8.0,6.0,10.0,7.0,1.0,9.333333333333334,8.333333333333334,,10.0,9.5,2022.0
197,22,3,22.0,18.0,18.0,10.0,18.0,19.0,14.0,16.0,16.0,2.0,15.333333333333334,17.0,,16.0,14.5,2022.0
198,22,3,22.0,18.0,22.0,14.0,17.0,16.0,15.0,14.0,16.0,2.0,18.0,16.0,,14.0,15.0,2022.0
199,22,3,30.0,20.0,26.0,15.0,23.0,23.0,12.0,23.0,17.0,2.0,20.333333333333332,19.333333333333332,,23.0,19.0,2022.0
200,22,3,7.0,6.0,7.0,5.0,7.0,4.0,1.0,5.0,4.0,1.0,6.0,4.0,,5.0,4.5,2022.0
202,22,3,19.0,9.0,18.0,14.0,14.0,6.0,11.0,13.0,9.0,3.0,13.666666666666666,10.333333333333334,,13.0,10.0,2022.0
203,22,3,8.0,5.0,8.0,5.0,7.0,8.0,6.0,4.0,6.0,1.0,6.0,7.0,,4.0,6.5,2022.0
266,21,3,68.0,40.0,58.0,37.0,39.0,29.0,44.0,56.0,37.0,0.0,45.0,37.333333333333336,,56.0,33.0,2021.5
267,21,3,42.0,25.0,40.0,27.0,29.0,26.0,22.0,23.0,19.0,0.0,30.666666666666668,25.666666666666668,,23.0,26.5,2021.5
268,21,3,18.0,10.0,15.0,7.0,7.0,11.0,7.0,10.0,13.0,0.0,10.666666666666666,8.333333333333334,,10.0,9.0,2021.5
269,21,3,22.0,18.0,12.0,14.0,17.0,16.0,15.0,18.0,16.0,0.0,14.666666666666666,16.0,,18.0,15.0,2021.5
270,21,3,18.0,14.0,15.0,5.0,9.0,12.0,7.0,14.0,10.0,0.0,11.333333333333334,9.333333333333334,,14.0,8.5,2021.5
271,21,3,14.0,10.0,10.0,5.0,12.0,8.0,6.0,9.0,7.0,1.0,8.333333333333334,8.666666666666666,,9.0,6.5,2021.5
272,21,3,11.0,7.0,10.0,6.0,8.0,6.0,6.0,9.0,8.0,1.0,7.666666666666667,6.666666666666667,,9.0,6.0,2021.5
273,21,3,8.0,6.0,6.0,6.0,7.0,2.0,4.0,5.0,5.0,1.0,6.0,4.333333333333333,,5.0,4.0,2021.5
274,21,3,29.0,21.0,22.0,13.0,18.0,18.0,12.0,16.0,20.0,2.0,18.666666666666668,16.0,,16.0,15.5,2021.5
275,21,3,25.0,17.0,17.0,7.0,18.0,15.0,16.0,19.0,12.0,2.0,13.666666666666666,16.333333333333332,,19.0,11.0,2021.5
276,21,3,10.0,7.0,9.0,3.0,10.0,7.0,5.0,7.0,6.0,2.0,6.333333333333333,7.333333333333333,,7.0,5.0,2021.5
277,21,3,10.0,5.0,10.0,5.0,7.0,4.0,5.0,6.0,5.0,1.0,6.666666666666667,5.333333333333333,,6.0,4.5,2021.5
278,21,3,11.0,3.0,9.0,5.0,9.0,7.0,8.0,10.0,7.0,1.0,5.666666666666667,8.0,,10.0,6.0,2021.5
343,19,3,40.0,23.0,33.0,22.0,22.0,24.0,29.0,31.0,23.0,0.0,26.0,25.0,,31.0,23.0,2019.5
344,19,3,13.0,5.0,11.0,7.0,11.0,6.0,8.0,10.0,7.0,1.0,7.666666666666667,8.333333333333334,,10.0,6.5,2019.5
345,19,3,28.0,20.0,23.0,17.0,18.0,14.0,9.0,20.0,14.0,1.0,20.0,13.666666666666666,,20.0,15.5,2019.5
346,19,3,26.0,24.0,19.0,13.0,24.0,19.0,15.0,15.0,17.0,1.0,18.666666666666668,19.333333333333332,,15.0,16.0,2019.5
347,19,3,23.0,22.0,19.0,15.0,23.0,19.0,11.0,18.0,19.0,1.0,18.666666666666668,17.666666666666668,,18.0,17.0,2019.5
348,19,3,22.0,18.0,22.0,10.0,20.0,14.0,11.0,15.0,12.0,1.0,16.666666666666668,15.0,,15.0,12.0,2019.5
349,19,3,13.0,5.0,11.0,6.0,10.0,10.0,5.0,10.0,7.0,1.0,7.333333333333333,8.333333333333334,,10.0,8.0,2019.5
350,19,3,13.0,9.0,9.0,8.0,10.0,6.0,9.0,11.0,7.0,1.0,8.666666666666666,8.333333333333334,,11.0,7.0,2019.5
351,19,3,29.0,22.0,27.0,19.0,24.0,19.0,19.0,23.0,23.0,2.0,22.666666666666668,20.666666666666668,,23.0,19.0,2019.5
352,19,3,23.0,15.0,23.0,17.0,16.0,16.0,10.0,16.0,13.0,2.0,18.333333333333332,14.0,,16.0,16.5,2019.5
353,19,3,26.0,22.0,25.0,16.0,24.0,18.0,18.0,19.0,20.0,2.0,21.0,20.0,,19.0,17.0,2019.5
354,19,3,15.0,14.0,14.0,9.0,12.0,11.0,9.0,8.0,11.0,2.0,12.333333333333334,10.666666666666666,,8.0,10.0,2019.5
355,19,3,20.0,14.0,15.0,7.0,15.0,9.0,9.0,12.0,7.0,2.0,12.0,11.0,,12.0,8.0,2019.5
356,19,3,23.0,21.0,18.0,12.0,18.0,12.0,12.0,19.0,14.0,2.0,17.0,14.0,,19.0,12.0,2019.5
357,19,3,13.0,10.0,10.0,6.0,11.0,7.0,4.0,8.0,6.0,2.0,8.666666666666666,7.333333333333333,,8.0,6.5,2019.5
358,19,3,13.0,10.0,11.0,6.0,12.0,10.0,8.0,11.0,12.0,2.0,9.0,10.0,,11.0,8.0,2019.5
359,19,3,12.0,8.0,10.0,9.0,9.0,9.0,8.0,10.0,8.0,1.0,9.0,8.666666666666666,,10.0,9.0,2019.5
360,19,3,13.0,9.0,12.0,6.0,11.0,10.0,8.0,11.0,9.0,1.0,9.0,9.666666666666666,,11.0,8.0,2019.5
361,19,3,13.0,9.0,12.0,9.0,9.0,8.0,10.0,8.0,9.0,1.0,10.0,9.0,,8.0,8.5,2019.5
422,19,3,7.0,6.0,6.0,5.0,7.0,5.0,7.0,6.0,6.0,1.0,5.666666666666667,6.333333333333333,,6.0,5.0,2019.0
423,19,3,54.0,24.0,45.0,29.0,27.0,29.0,24.0,37.0,28.0,0.0,32.666666666666664,26.666666666666668,,37.0,29.0,2019.0
424,19,3,30.0,21.0,29.0,15.0,22.0,22.0,13.0,21.0,18.0,2.0,21.666666666666668,19.0,,21.0,18.5,2019.0
425,19,3,25.0,21.0,19.0,14.0,23.0,12.0,22.0,19.0,18.0,1.0,18.0,19.0,,19.0,13.0,2019.0
426,19,3,28.0,20.0,23.0,15.0,21.0,17.0,14.0,20.0,14.0,2.0,19.333333333333332,17.333333333333332,,20.0,16.0,2019.0
427,19,3,26.0,21.0,24.0,15.0,18.0,20.0,12.0,22.0,17.0,2.0,20.0,16.666666666666668,,22.0,17.5,2019.0
428,19,3,25.0,15.0,23.0,16.0,19.0,19.0,16.0,16.0,18.0,2.0,18.0,18.0,,16.0,17.5,2019.0
429,19,3,27.0,17.0,26.0,14.0,20.0,21.0,14.0,21.0,17.0,1.0,19.0,18.333333333333332,,21.0,17.5,2019.0
430,19,3,17.0,15.0,15.0,7.0,11.0,11.0,8.0,11.0,10.0,1.0,12.333333333333334,10.0,,11.0,9.0,2019.0
431,19,3,14.0,9.0,11.0,9.0,11.0,5.0,6.0,10.0,8.0,1.0,9.666666666666666,7.333333333333333,,10.0,7.0,2019.0
432,19,3,15.0,8.0,15.0,8.0,14.0,9.0,9.0,13.0,11.0,1.0,10.333333333333334,10.666666666666666,,13.0,8.5,2019.0
487,18,3,27.0,24.0,22.0,13.0,19.0,18.0,11.0,14.0,13.0,1.0,19.666666666666668,16.0,,14.0,15.5,2018.5
488,18,3,29.0,16.0,28.0,17.0,22.0,23.0,17.0,22.0,19.0,2.0,20.333333333333332,20.666666666666668,,22.0,20.0,2018.5
489,18,3,27.0,21.0,27.0,17.0,18.0,15.0,21.0,23.0,19.0,2.0,21.666666666666668,18.0,,23.0,16.0,2018.5
490,18,3,31.0,17.0,30.0,15.0,18.0,15.0,13.0,22.0,11.0,0.0,20.666666666666668,15.333333333333334,,22.0,15.0,2018.5
491,18,3,13.0,5.0,12.0,6.0,9.0,9.0,9.0,9.0,8.0,0.0,7.666666666666667,9.0,,9.0,7.5,2018.5
492,18,3,28.0,21.0,26.0,15.0,21.0,17.0,20.0,21.0,20.0,2.0,20.666666666666668,19.333333333333332,,21.0,16.0,2018.5
493,18,3,31.0,24.0,26.0,19.0,23.0,12.0,15.0,17.0,14.0,2.0,23.0,16.666666666666668,,17.0,15.5,2018.5
494,18,3,26.0,22.0,23.0,19.0,24.0,20.0,21.0,19.0,22.0,1.0,21.333333333333332,21.666666666666668,,19.0,19.5,2018.5
495,18,3,25.0,16.0,21.0,10.0,18.0,13.0,14.0,16.0,12.0,1.0,15.666666666666666,15.0,,16.0,11.5,2018.5
496,18,3,27.0,25.0,23.0,7.0,21.0,16.0,19.0,19.0,13.0,2.0,18.333333333333332,18.666666666666668,,19.0,11.5,2018.5
497,18,3,27.0,21.0,21.0,17.0,26.0,16.0,22.0,22.0,22.0,2.0,19.666666666666668,21.333333333333332,,22.0,16.5,2018.5
498,18,3,11.0,8.0,9.0,2.0,8.0,5.0,6.0,8.0,6.0,2.0,6.333333333333333,6.333333333333333,,8.0,3.5,2018.5
499,18,3,24.0,16.0,22.0,11.0,23.0,15.0,16.0,19.0,18.0,1.0,16.333333333333332,18.0,,19.0,13.0,2018.5
500,18,3,29.0,13.0,23.0,18.0,19.0,22.0,23.0,20.0,18.0,1.0,18.0,21.333333333333332,,20.0,20.0,2018.5
501,18,3,14.0,8.0,10.0,8.0,13.0,8.0,5.0,7.0,8.0,1.0,8.666666666666666,8.666666666666666,,7.0,8.0,2018.5
502,18,3,13.0,8.0,12.0,10.0,10.0,7.0,9.0,7.0,9.0,1.0,10.0,8.666666666666666,,7.0,8.5,2018.5
48,23,4,32.0,24.0,29.0,23.0,26.0,16.0,21.0,23.0,24.0,0.0,26.5,21.5,20.0,23.0,21.5,2023.0
49,23,4,25.0,19.0,10.0,19.0,17.0,11.0,15.0,15.0,11.0,0.0,14.5,15.5,15.0,15.0,14.5,2023.0
50,23,4,25.0,25.0,6.0,21.0,17.0,18.0,20.0,20.0,18.0,1.0,15.5,19.0,19.666666666666668,20.0,18.75,2023.0
51,23,4,26.0,20.0,18.0,22.0,17.0,14.0,20.0,16.0,18.0,1.0,19.0,18.25,18.666666666666668,16.0,16.75,2023.0
52,23,4,11.0,8.0,3.0,9.0,10.0,6.0,9.0,10.0,8.0,1.0,5.5,8.5,8.0,10.0,8.75,2023.0
53,23,4,15.0,14.0,8.0,11.0,14.0,6.0,10.0,8.0,8.0,1.0,11.0,10.25,9.0,8.0,9.5,2023.0
54,23,4,14.0,13.0,6.0,8.0,11.0,9.0,11.0,10.0,9.0,1.0,9.5,9.75,9.333333333333334,10.0,10.25,2023.0
55,23,4,13.0,13.0,4.0,9.0,10.0,5.0,7.0,8.0,6.0,1.0,8.5,7.75,7.0,8.0,7.5,2023.0
56,23,4,8.0,7.0,3.0,6.0,6.0,1.0,3.0,1.0,2.0,1.0,5.0,4.0,3.3333333333333335,1.0,2.75,2023.0
57,23,4,29.0,25.0,13.0,25.0,23.0,14.0,23.0,21.0,19.0,2.0,19.0,21.25,20.666666666666668,21.0,20.25,2023.0
58,23,4,24.0,21.0,5.0,18.0,15.0,9.0,11.0,19.0,12.0,2.0,13.0,13.25,12.666666666666666,19.0,13.5,2023.0
59,23,4,27.0,21.0,12.0,22.0,23.0,15.0,18.0,22.0,18.0,2.0,16.5,19.5,18.333333333333332,22.0,19.5,2023.0
60,23,4,23.0,15.0,15.0,18.0,16.0,13.0,12.0,18.0,13.0,2.0,15.0,14.75,14.333333333333334,18.0,14.75,2023.0
61,23,4,27.0,22.0,18.0,21.0,22.0,11.0,18.0,24.0,16.0,2.0,20.0,18.0,16.666666666666668,24.0,18.75,2023.0
62,23,4,13.0,11.0,13.0,10.0,13.0,8.0,9.0,12.0,10.0,3.0,12.0,10.0,9.0,12.0,10.5,2023.0
63,23,4,13.0,9.0,13.0,12.0,12.0,12.0,10.0,11.0,11.0,3.0,11.0,11.5,11.333333333333334,11.0,11.25,2023.0
122,22,4,32.0,20.0,29.0,29.0,22.0,8.0,17.0,23.0,20.0,0.0,24.5,19.0,18.0,23.0,17.5,2022.5
123,22,4,21.0,12.0,12.0,18.0,16.0,13.0,13.0,9.0,8.0,0.0,12.0,15.0,14.666666666666666,9.0,12.75,2022.5
124,22,4,21.0,18.0,10.0,15.0,15.0,10.0,9.0,13.0,10.0,0.0,14.0,12.25,11.333333333333334,13.0,11.75,2022.5
125,22,4,27.0,22.0,12.0,22.0,19.0,13.0,19.0,22.0,17.0,0.0,17.0,18.25,18.0,22.0,18.25,2022.5
126,22,4,27.0,23.0,8.0,20.0,16.0,11.0,14.0,5.0,7.0,0.0,15.5,15.25,15.0,5.0,11.5,2022.5
127,22,4,11.0,9.0,6.0,9.0,10.0,4.0,3.0,2.0,4.0,0.0,7.5,6.5,5.333333333333333,2.0,4.75,2022.5
128,22,4,22.0,22.0,5.0,21.0,19.0,13.0,17.0,18.0,19.0,1.0,13.5,17.5,17.0,18.0,16.75,2022.5
129,22,4,11.0,11.0,6.0,10.0,10.0,7.0,9.0,8.0,8.0,1.0,8.5,9.0,8.666666666666666,8.0,8.5,2022.5
130,22,4,23.0,19.0,14.0,17.0,17.0,14.0,18.0,15.0,15.0,2.0,16.5,16.5,16.333333333333332,15.0,16.0,2022.5
131,22,4,22.0,18.0,12.0,19.0,14.0,10.0,17.0,18.0,11.0,2.0,15.0,15.0,15.333333333333334,18.0,14.75,2022.5
132,22,4,35.0,29.0,31.0,30.0,27.0,24.0,27.0,27.0,28.0,1.0,30.0,27.0,27.0,27.0,26.25,2022.5
133,22,4,16.0,14.0,8.0,13.0,12.0,7.0,12.0,11.0,10.0,2.0,11.0,11.0,10.666666666666666,11.0,10.5,2022.5
134,22,4,10.0,8.0,3.0,7.0,9.0,5.0,6.0,5.0,4.0,3.0,5.5,6.75,6.0,5.0,6.25,2022.5
135,22,4,12.0,12.0,5.0,9.0,8.0,6.0,7.0,8.0,5.0,1.0,8.5,7.5,7.333333333333333,8.0,7.25,2022.5
204,22,4,51.0,36.0,46.0,46.0,42.0,43.0,19.0,38.0,32.0,0.0,41.0,37.5,36.0,38.0,35.5,2022.0
207,22,4,8.0,8.0,3.0,7.0,6.0,8.0,8.0,8.0,8.0,1.0,5.5,7.25,7.666666666666667,8.0,7.5,2022.0
208,22,4,9.0,8.0,8.0,6.0,8.0,4.0,7.0,6.0,7.0,1.0,8.0,6.25,5.666666666666667,6.0,6.25,2022.0
209,22,4,18.0,13.0,13.0,15.0,13.0,10.0,11.0,6.0,7.0,1.0,13.0,12.25,12.0,6.0,10.0,2022.0
210,22,4,10.0,9.0,4.0,10.0,8.0,7.0,8.0,8.0,8.0,1.0,6.5,8.25,8.333333333333334,8.0,7.75,2022.0
211,22,4,10.0,9.0,6.0,9.0,10.0,7.0,6.0,6.0,7.0,1.0,7.5,8.0,7.333333333333333,6.0,7.25,2022.0
213,22,4,21.0,17.0,9.0,17.0,14.0,10.0,18.0,15.0,9.0,1.0,13.0,14.75,15.0,15.0,14.25,2022.0
214,22,4,13.0,10.0,2.0,13.0,12.0,4.0,8.0,8.0,6.0,1.0,6.0,9.25,8.333333333333334,8.0,8.0,2022.0
215,22,4,22.0,18.0,7.0,18.0,22.0,12.0,14.0,15.0,11.0,2.0,12.5,16.5,14.666666666666666,15.0,15.75,2022.0
216,22,4,22.0,18.0,10.0,18.0,20.0,15.0,14.0,16.0,14.0,2.0,14.0,16.75,15.666666666666666,16.0,16.25,2022.0
217,22,4,30.0,23.0,16.0,21.0,24.0,14.0,19.0,16.0,15.0,2.0,19.5,19.5,18.0,16.0,18.25,2022.0
218,22,4,7.0,6.0,3.0,7.0,6.0,6.0,4.0,5.0,5.0,1.0,4.5,5.75,5.666666666666667,5.0,5.25,2022.0
220,22,4,19.0,14.0,18.0,15.0,16.0,9.0,15.0,15.0,13.0,3.0,16.0,13.75,13.0,15.0,13.75,2022.0
221,22,4,8.0,7.0,5.0,6.0,6.0,2.0,3.0,4.0,4.0,1.0,6.0,4.25,3.6666666666666665,4.0,3.75,2022.0
279,21,4,68.0,55.0,58.0,53.0,57.0,24.0,48.0,55.0,51.0,0.0,56.5,45.5,41.666666666666664,55.0,46.0,2021.5
280,21,4,42.0,35.0,16.0,33.0,35.0,32.0,29.0,29.0,28.0,0.0,25.5,32.25,31.333333333333332,29.0,31.25,2021.5
281,21,4,18.0,11.0,5.0,13.0,13.0,5.0,10.0,5.0,7.0,0.0,8.0,10.25,9.333333333333334,5.0,8.25,2021.5
282,21,4,22.0,14.0,13.0,16.0,20.0,7.0,8.0,14.0,9.0,0.0,13.5,12.75,10.333333333333334,14.0,12.25,2021.5
283,21,4,18.0,17.0,5.0,17.0,15.0,8.0,10.0,9.0,9.0,0.0,11.0,12.5,11.666666666666666,9.0,10.5,2021.5
284,21,4,14.0,13.0,5.0,13.0,12.0,8.0,7.0,11.0,8.0,1.0,9.0,10.0,9.333333333333334,11.0,9.5,2021.5
285,21,4,11.0,10.0,5.0,10.0,11.0,9.0,7.0,9.0,9.0,1.0,7.5,9.25,8.666666666666666,9.0,9.0,2021.5
286,21,4,8.0,8.0,3.0,5.0,7.0,6.0,7.0,7.0,6.0,1.0,5.5,6.25,6.0,7.0,6.75,2021.5
287,21,4,29.0,27.0,9.0,21.0,23.0,12.0,20.0,12.0,20.0,2.0,18.0,19.0,17.666666666666668,12.0,16.75,2021.5
288,21,4,25.0,15.0,8.0,19.0,22.0,5.0,9.0,14.0,10.0,2.0,11.5,13.75,11.0,14.0,12.5,2021.5
289,21,4,10.0,8.0,3.0,8.0,9.0,5.0,7.0,6.0,5.0,2.0,5.5,7.25,6.666666666666667,6.0,6.75,2021.5
290,21,4,10.0,7.0,1.0,7.0,7.0,2.0,6.0,5.0,2.0,1.0,4.0,5.5,5.0,5.0,5.0,2021.5
291,21,4,11.0,11.0,4.0,8.0,10.0,3.0,8.0,4.0,4.0,1.0,7.5,7.25,6.333333333333333,4.0,6.25,2021.5
362,19,4,40.0,27.0,35.0,28.0,31.0,17.0,28.0,24.0,21.0,0.0,31.0,26.0,24.333333333333332,24.0,25.0,2019.5
363,19,4,13.0,12.0,9.0,12.0,13.0,6.0,10.0,9.0,11.0,1.0,10.5,10.25,9.333333333333334,9.0,9.5,2019.5
364,19,4,28.0,24.0,19.0,23.0,20.0,9.0,14.0,14.0,14.0,1.0,21.5,16.5,15.333333333333334,14.0,14.25,2019.5
365,19,4,26.0,19.0,6.0,16.0,19.0,11.0,17.0,15.0,9.0,1.0,12.5,15.75,14.666666666666666,15.0,15.5,2019.5
366,19,4,23.0,12.0,9.0,17.0,19.0,12.0,14.0,17.0,11.0,1.0,10.5,15.5,14.333333333333334,17.0,15.5,2019.5
367,19,4,22.0,22.0,8.0,14.0,20.0,11.0,15.0,20.0,13.0,1.0,15.0,15.0,13.333333333333334,20.0,16.5,2019.5
368,19,4,13.0,10.0,3.0,13.0,10.0,6.0,8.0,5.0,6.0,1.0,6.5,9.25,9.0,5.0,7.25,2019.5
369,19,4,13.0,10.0,4.0,10.0,11.0,6.0,8.0,8.0,6.0,1.0,7.0,8.75,8.0,8.0,8.25,2019.5
370,19,4,29.0,26.0,20.0,24.0,23.0,23.0,20.0,24.0,23.0,2.0,23.0,22.5,22.333333333333332,24.0,22.5,2019.5
371,19,4,23.0,22.0,14.0,19.0,18.0,15.0,18.0,19.0,17.0,2.0,18.0,17.5,17.333333333333332,19.0,17.5,2019.5
372,19,4,26.0,21.0,12.0,21.0,23.0,14.0,17.0,18.0,15.0,2.0,16.5,18.75,17.333333333333332,18.0,18.0,2019.5
373,19,4,15.0,13.0,6.0,14.0,11.0,9.0,11.0,8.0,7.0,2.0,9.5,11.25,11.333333333333334,8.0,9.75,2019.5
374,19,4,20.0,12.0,10.0,12.0,15.0,7.0,8.0,6.0,8.0,2.0,11.0,10.5,9.0,6.0,9.0,2019.5
375,19,4,23.0,20.0,11.0,17.0,20.0,12.0,10.0,17.0,14.0,2.0,15.5,14.75,13.0,17.0,14.75,2019.5
376,19,4,13.0,11.0,7.0,12.0,10.0,7.0,9.0,10.0,11.0,2.0,9.0,9.5,9.333333333333334,10.0,9.0,2019.5
377,19,4,13.0,11.0,5.0,11.0,12.0,7.0,7.0,12.0,8.0,2.0,8.0,9.25,8.333333333333334,12.0,9.5,2019.5
378,19,4,12.0,11.0,11.0,10.0,8.0,4.0,9.0,10.0,8.0,1.0,11.0,7.75,7.666666666666667,10.0,7.75,2019.5
379,19,4,13.0,9.0,5.0,11.0,10.0,8.0,8.0,6.0,8.0,1.0,7.0,9.25,9.0,6.0,8.0,2019.5
380,19,4,13.0,12.0,6.0,11.0,12.0,9.0,10.0,10.0,10.0,1.0,9.0,10.5,10.0,10.0,10.25,2019.5
433,19,4,7.0,7.0,5.0,6.0,7.0,7.0,7.0,5.0,7.0,1.0,6.0,6.75,6.666666666666667,5.0,6.5,2019.0
434,19,4,54.0,42.0,42.0,39.0,40.0,18.0,31.0,38.0,29.0,0.0,42.0,32.0,29.333333333333332,38.0,31.75,2019.0
435,19,4,30.0,23.0,15.0,19.0,22.0,14.0,18.0,26.0,16.0,2.0,19.0,18.25,17.0,26.0,20.0,2019.0
436,19,4,25.0,17.0,3.0,17.0,21.0,7.0,15.0,15.0,10.0,1.0,10.0,15.0,13.0,15.0,14.5,2019.0
437,19,4,28.0,20.0,10.0,23.0,19.0,11.0,18.0,10.0,10.0,2.0,15.0,17.75,17.333333333333332,10.0,14.5,2019.0
438,19,4,26.0,19.0,9.0,21.0,20.0,8.0,15.0,14.0,11.0,2.0,14.0,16.0,14.666666666666666,14.0,14.25,2019.0
439,19,4,25.0,12.0,5.0,11.0,21.0,9.0,13.0,11.0,11.0,2.0,8.5,13.5,11.0,11.0,13.5,2019.0
440,19,4,27.0,18.0,20.0,22.0,22.0,11.0,15.0,17.0,16.0,1.0,19.0,17.5,16.0,17.0,16.25,2019.0
441,19,4,17.0,14.0,9.0,13.0,12.0,9.0,10.0,7.0,6.0,1.0,11.5,11.0,10.666666666666666,7.0,9.5,2019.0
442,19,4,14.0,10.0,3.0,7.0,5.0,7.0,10.0,7.0,6.0,1.0,6.5,7.25,8.0,7.0,7.25,2019.0
443,19,4,15.0,14.0,7.0,11.0,10.0,6.0,9.0,7.0,6.0,1.0,10.5,9.0,8.666666666666666,7.0,8.0,2019.0
503,18,4,27.0,22.0,20.0,23.0,25.0,10.0,18.0,19.0,19.0,1.0,21.0,19.0,17.0,19.0,18.0,2018.5
504,18,4,29.0,23.0,20.0,23.0,22.0,20.0,18.0,22.0,19.0,2.0,21.5,20.75,20.333333333333332,22.0,20.5,2018.5
505,18,4,27.0,24.0,16.0,23.0,24.0,18.0,17.0,25.0,20.0,2.0,20.0,20.5,19.333333333333332,25.0,21.0,2018.5
506,18,4,31.0,17.0,5.0,18.0,20.0,9.0,15.0,12.0,7.0,0.0,11.0,15.5,14.0,12.0,14.0,2018.5
507,18,4,13.0,8.0,8.0,8.0,9.0,5.0,8.0,5.0,7.0,0.0,8.0,7.5,7.0,5.0,6.75,2018.5
508,18,4,28.0,23.0,13.0,22.0,24.0,11.0,17.0,17.0,14.0,2.0,18.0,18.5,16.666666666666668,17.0,17.25,2018.5
509,18,4,31.0,24.0,11.0,22.0,20.0,12.0,16.0,22.0,14.0,2.0,17.5,17.5,16.666666666666668,22.0,17.5,2018.5
510,18,4,26.0,24.0,5.0,23.0,20.0,11.0,15.0,3.0,11.0,1.0,14.5,17.25,16.333333333333332,3.0,12.25,2018.5
511,18,4,25.0,20.0,14.0,16.0,16.0,8.0,10.0,10.0,6.0,1.0,17.0,12.5,11.333333333333334,10.0,11.0,2018.5
512,18,4,29.0,21.0,11.0,20.0,22.0,12.0,17.0,19.0,17.0,2.0,16.0,17.75,16.333333333333332,19.0,17.5,2018.5
513,18,4,29.0,23.0,15.0,21.0,23.0,16.0,21.0,26.0,20.0,2.0,19.0,20.25,19.333333333333332,26.0,21.5,2018.5
514,18,4,11.0,6.0,6.0,6.0,9.0,5.0,4.0,5.0,3.0,2.0,6.0,6.0,5.0,5.0,5.75,2018.5
515,18,4,24.0,21.0,7.0,19.0,19.0,18.0,18.0,21.0,17.0,1.0,14.0,18.5,18.333333333333332,21.0,19.0,2018.5
516,18,4,29.0,21.0,11.0,23.0,25.0,22.0,19.0,19.0,20.0,1.0,16.0,22.25,21.333333333333332,19.0,21.25,2018.5
517,18,4,14.0,9.0,5.0,11.0,10.0,6.0,4.0,5.0,4.0,1.0,7.0,7.75,7.0,5.0,6.25,2018.5
518,18,4,13.0,9.0,7.0,13.0,11.0,7.0,6.0,5.0,7.0,1.0,8.0,9.25,8.666666666666666,5.0,7.25,2018.5
64,23,5,32.0,26.0,20.0,26.0,30.0,19.0,18.0,21.0,22.0,0.0,23.0,23.25,22.8,21.0,22.8,2023.0
65,23,5,25.0,22.0,15.0,16.0,22.0,14.0,16.0,17.0,16.0,0.0,18.5,17.0,17.0,17.0,17.0,2023.0
66,23,5,25.0,22.0,13.0,25.0,24.0,21.0,22.0,21.0,23.0,1.0,17.5,23.0,22.6,21.0,22.6,2023.0
67,23,5,26.0,21.0,18.0,20.0,24.0,17.0,13.0,15.0,18.0,1.0,19.5,18.5,17.8,15.0,17.8,2023.0
68,23,5,11.0,11.0,5.0,9.0,11.0,9.0,9.0,9.0,9.0,1.0,8.0,9.5,9.4,9.0,9.4,2023.0
69,23,5,15.0,12.0,9.0,13.0,13.0,10.0,11.0,8.0,10.0,1.0,10.5,11.75,11.0,8.0,11.0,2023.0
70,23,5,14.0,12.0,12.0,12.0,12.0,12.0,5.0,12.0,12.0,1.0,12.0,10.25,10.6,12.0,10.6,2023.0
71,23,5,13.0,11.0,10.0,10.0,10.0,8.0,9.0,4.0,8.0,1.0,10.5,9.25,8.2,4.0,8.2,2023.0
72,23,5,8.0,6.0,6.0,7.0,4.0,0.0,6.0,2.0,4.0,1.0,6.0,4.25,3.8,2.0,3.8,2023.0
73,23,5,29.0,24.0,18.0,27.0,24.0,19.0,18.0,17.0,20.0,2.0,21.0,22.0,21.0,17.0,21.0,2023.0
74,23,5,24.0,19.0,14.0,20.0,18.0,14.0,16.0,13.0,14.0,2.0,16.5,17.0,16.2,13.0,16.2,2023.0
75,23,5,27.0,18.0,12.0,24.0,25.0,20.0,25.0,23.0,22.0,2.0,15.0,23.5,23.4,23.0,23.4,2023.0
76,23,5,23.0,16.0,12.0,19.0,16.0,12.0,15.0,17.0,13.0,2.0,14.0,15.5,15.8,17.0,15.8,2023.0
77,23,5,27.0,20.0,16.0,22.0,18.0,15.0,17.0,16.0,16.0,2.0,18.0,18.0,17.6,16.0,17.6,2023.0
78,23,5,13.0,11.0,7.0,12.0,13.0,11.0,9.0,13.0,13.0,3.0,9.0,11.25,11.6,13.0,11.6,2023.0
79,23,5,13.0,12.0,10.0,12.0,13.0,11.0,10.0,13.0,12.0,3.0,11.0,11.5,11.8,13.0,11.8,2023.0
136,22,5,32.0,25.0,31.0,20.0,25.0,19.0,17.0,19.0,18.0,0.0,28.0,20.25,20.0,19.0,20.0,2022.5
137,22,5,21.0,17.0,13.0,20.0,17.0,15.0,13.0,14.0,15.0,0.0,15.0,16.25,15.8,14.0,15.8,2022.5
138,22,5,21.0,15.0,14.0,19.0,18.0,12.0,8.0,11.0,12.0,0.0,14.5,14.25,13.6,11.0,13.6,2022.5
139,22,5,27.0,26.0,15.0,22.0,18.0,20.0,15.0,23.0,20.0,0.0,20.5,18.75,19.6,23.0,19.6,2022.5
140,22,5,27.0,21.0,18.0,20.0,20.0,14.0,15.0,10.0,14.0,0.0,19.5,17.25,15.8,10.0,15.8,2022.5
141,22,5,11.0,6.0,5.0,8.0,9.0,3.0,4.0,4.0,3.0,0.0,5.5,6.0,5.6,4.0,5.6,2022.5
142,22,5,22.0,18.0,7.0,22.0,22.0,18.0,17.0,21.0,20.0,1.0,12.5,19.75,20.0,21.0,20.0,2022.5
143,22,5,11.0,11.0,11.0,11.0,10.0,9.0,9.0,9.0,10.0,1.0,11.0,9.75,9.6,9.0,9.6,2022.5
144,22,5,23.0,21.0,13.0,20.0,19.0,18.0,12.0,12.0,14.0,2.0,17.0,17.25,16.2,12.0,16.2,2022.5
145,22,5,22.0,19.0,14.0,17.0,17.0,12.0,18.0,14.0,16.0,2.0,16.5,16.0,15.6,14.0,15.6,2022.5
146,22,5,35.0,31.0,20.0,31.0,32.0,28.0,24.0,28.0,35.0,1.0,25.5,28.75,28.6,28.0,28.6,2022.5
147,22,5,16.0,15.0,13.0,14.0,13.0,9.0,10.0,10.0,11.0,2.0,14.0,11.5,11.2,10.0,11.2,2022.5
148,22,5,10.0,7.0,5.0,8.0,9.0,5.0,5.0,7.0,4.0,3.0,6.0,6.75,6.8,7.0,6.8,2022.5
149,22,5,12.0,11.0,8.0,12.0,12.0,9.0,8.0,8.0,9.0,1.0,9.5,10.25,9.8,8.0,9.8,2022.5
222,22,5,51.0,41.0,33.0,40.0,43.0,38.0,33.0,38.0,35.0,0.0,37.0,38.5,38.4,38.0,38.4,2022.0
225,22,5,8.0,7.0,4.0,8.0,8.0,8.0,8.0,8.0,8.0,1.0,5.5,8.0,8.0,8.0,8.0,2022.0
226,22,5,9.0,7.0,3.0,8.0,8.0,8.0,7.0,7.0,6.0,1.0,5.0,7.75,7.6,7.0,7.6,2022.0
227,22,5,18.0,17.0,9.0,17.0,16.0,10.0,8.0,10.0,11.0,1.0,13.0,12.75,12.2,10.0,12.2,2022.0
228,22,5,10.0,7.0,7.0,10.0,10.0,8.0,7.0,8.0,9.0,1.0,7.0,8.75,8.6,8.0,8.6,2022.0
229,22,5,10.0,10.0,2.0,9.0,9.0,6.0,6.0,6.0,6.0,1.0,6.0,7.5,7.2,6.0,7.2,2022.0
231,22,5,21.0,18.0,14.0,16.0,15.0,14.0,8.0,11.0,11.0,1.0,16.0,13.25,12.8,11.0,12.8,2022.0
232,22,5,13.0,12.0,5.0,12.0,11.0,7.0,9.0,8.0,10.0,1.0,8.5,9.75,9.4,8.0,9.4,2022.0
233,22,5,22.0,18.0,13.0,17.0,18.0,11.0,13.0,13.0,12.0,2.0,15.5,14.75,14.4,13.0,14.4,2022.0
234,22,5,22.0,21.0,18.0,22.0,22.0,19.0,16.0,16.0,19.0,2.0,19.5,19.75,19.0,16.0,19.0,2022.0
235,22,5,30.0,24.0,19.0,26.0,28.0,19.0,20.0,13.0,18.0,2.0,21.5,23.25,21.2,13.0,21.2,2022.0
236,22,5,7.0,6.0,6.0,6.0,6.0,6.0,5.0,6.0,6.0,1.0,6.0,5.75,5.8,6.0,5.8,2022.0
238,22,5,19.0,15.0,12.0,17.0,17.0,10.0,13.0,15.0,15.0,3.0,13.5,14.25,14.4,15.0,14.4,2022.0
239,22,5,8.0,8.0,3.0,8.0,7.0,5.0,7.0,5.0,4.0,1.0,5.5,6.75,6.4,5.0,6.4,2022.0
292,21,5,68.0,54.0,51.0,61.0,59.0,52.0,42.0,45.0,53.0,0.0,52.5,53.5,51.8,45.0,51.8,2021.5
293,21,5,42.0,29.0,23.0,36.0,40.0,33.0,32.0,31.0,31.0,0.0,26.0,35.25,34.4,31.0,34.4,2021.5
294,21,5,18.0,16.0,8.0,11.0,13.0,11.0,10.0,7.0,12.0,0.0,12.0,11.25,10.4,7.0,10.4,2021.5
295,21,5,22.0,16.0,7.0,20.0,16.0,12.0,15.0,19.0,13.0,0.0,11.5,15.75,16.4,19.0,16.4,2021.5
296,21,5,18.0,15.0,10.0,16.0,14.0,11.0,12.0,6.0,11.0,0.0,12.5,13.25,11.8,6.0,11.8,2021.5
297,21,5,14.0,11.0,12.0,14.0,13.0,11.0,9.0,10.0,12.0,1.0,11.5,11.75,11.4,10.0,11.4,2021.5
298,21,5,11.0,9.0,10.0,10.0,9.0,7.0,6.0,8.0,9.0,1.0,9.5,8.0,8.0,8.0,8.0,2021.5
299,21,5,8.0,8.0,5.0,8.0,8.0,6.0,8.0,7.0,7.0,1.0,6.5,7.5,7.4,7.0,7.4,2021.5
300,21,5,29.0,22.0,17.0,24.0,26.0,18.0,14.0,11.0,22.0,2.0,19.5,20.5,18.6,11.0,18.6,2021.5
301,21,5,25.0,24.0,18.0,20.0,18.0,18.0,17.0,13.0,17.0,2.0,21.0,18.25,17.2,13.0,17.2,2021.5
302,21,5,10.0,9.0,6.0,9.0,9.0,10.0,7.0,8.0,9.0,2.0,7.5,8.75,8.6,8.0,8.6,2021.5
303,21,5,10.0,9.0,9.0,9.0,7.0,6.0,5.0,5.0,8.0,1.0,9.0,6.75,6.4,5.0,6.4,2021.5
304,21,5,11.0,9.0,5.0,11.0,10.0,9.0,3.0,7.0,7.0,1.0,7.0,8.25,8.0,7.0,8.0,2021.5
381,19,5,40.0,36.0,28.0,31.0,32.0,24.0,27.0,32.0,28.0,0.0,32.0,28.5,29.2,32.0,29.2,2019.5
382,19,5,13.0,10.0,9.0,12.0,13.0,12.0,7.0,10.0,9.0,1.0,9.5,11.0,10.8,10.0,10.8,2019.5
383,19,5,28.0,26.0,19.0,26.0,24.0,18.0,15.0,13.0,17.0,1.0,22.5,20.75,19.2,13.0,19.2,2019.5
384,19,5,26.0,20.0,10.0,21.0,14.0,15.0,17.0,19.0,14.0,1.0,15.0,16.75,17.2,19.0,17.2,2019.5
385,19,5,23.0,17.0,8.0,21.0,11.0,16.0,20.0,16.0,14.0,1.0,12.5,17.0,16.8,16.0,16.8,2019.5
386,19,5,22.0,22.0,8.0,21.0,21.0,19.0,20.0,16.0,20.0,1.0,15.0,20.25,19.4,16.0,19.4,2019.5
387,19,5,13.0,9.0,7.0,13.0,12.0,9.0,7.0,7.0,8.0,1.0,8.0,10.25,9.6,7.0,9.6,2019.5
388,19,5,13.0,11.0,9.0,9.0,13.0,4.0,8.0,9.0,9.0,1.0,10.0,8.5,8.6,9.0,8.6,2019.5
389,19,5,29.0,21.0,12.0,21.0,19.0,24.0,17.0,17.0,13.0,2.0,16.5,20.25,19.6,17.0,19.6,2019.5
390,19,5,23.0,19.0,10.0,18.0,18.0,14.0,13.0,17.0,14.0,2.0,14.5,15.75,16.0,17.0,16.0,2019.5
391,19,5,26.0,19.0,19.0,23.0,20.0,15.0,20.0,15.0,18.0,2.0,19.0,19.5,18.6,15.0,18.6,2019.5
392,19,5,15.0,13.0,11.0,11.0,9.0,6.0,11.0,8.0,10.0,2.0,12.0,9.25,9.0,8.0,9.0,2019.5
393,19,5,20.0,18.0,14.0,15.0,14.0,12.0,7.0,10.0,11.0,2.0,16.0,12.0,11.6,10.0,11.6,2019.5
394,19,5,23.0,20.0,15.0,19.0,19.0,16.0,13.0,16.0,15.0,2.0,17.5,16.75,16.6,16.0,16.6,2019.5
395,19,5,13.0,10.0,5.0,12.0,13.0,8.0,9.0,11.0,11.0,2.0,7.5,10.5,10.6,11.0,10.6,2019.5
396,19,5,13.0,11.0,11.0,12.0,13.0,9.0,9.0,11.0,12.0,2.0,11.0,10.75,10.8,11.0,10.8,2019.5
397,19,5,12.0,9.0,7.0,12.0,7.0,9.0,9.0,9.0,8.0,1.0,8.0,9.25,9.2,9.0,9.2,2019.5
398,19,5,13.0,12.0,11.0,12.0,11.0,7.0,12.0,9.0,11.0,1.0,11.5,10.5,10.2,9.0,10.2,2019.5
399,19,5,13.0,10.0,8.0,13.0,11.0,8.0,8.0,10.0,9.0,1.0,9.0,10.0,10.0,10.0,10.0,2019.5
444,19,5,7.0,6.0,5.0,6.0,7.0,6.0,5.0,7.0,6.0,1.0,5.5,6.0,6.2,7.0,6.2,2019.0
445,19,5,54.0,52.0,39.0,40.0,45.0,34.0,27.0,26.0,14.0,0.0,45.5,36.5,34.4,26.0,34.4,2019.0
446,19,5,30.0,21.0,12.0,22.0,20.0,17.0,18.0,16.0,16.0,2.0,16.5,19.25,18.6,16.0,18.6,2019.0
447,19,5,25.0,18.0,11.0,16.0,9.0,12.0,16.0,17.0,7.0,1.0,14.5,13.25,14.0,17.0,14.0,2019.0
448,19,5,28.0,22.0,20.0,25.0,18.0,15.0,12.0,12.0,15.0,2.0,21.0,17.5,16.4,12.0,16.4,2019.0
449,19,5,26.0,19.0,14.0,20.0,17.0,13.0,15.0,11.0,8.0,2.0,16.5,16.25,15.2,11.0,15.2,2019.0
450,19,5,25.0,19.0,11.0,15.0,20.0,13.0,14.0,16.0,9.0,2.0,15.0,15.5,15.6,16.0,15.6,2019.0
451,19,5,27.0,23.0,16.0,26.0,24.0,25.0,20.0,17.0,23.0,1.0,19.5,23.75,22.4,17.0,22.4,2019.0
452,19,5,17.0,13.0,10.0,14.0,13.0,8.0,10.0,7.0,8.0,1.0,11.5,11.25,10.4,7.0,10.4,2019.0
453,19,5,14.0,13.0,7.0,14.0,12.0,9.0,1.0,8.0,8.0,1.0,10.0,9.0,8.8,8.0,8.8,2019.0
454,19,5,15.0,11.0,10.0,15.0,13.0,9.0,9.0,7.0,9.0,1.0,10.5,11.5,10.6,7.0,10.6,2019.0
519,18,5,27.0,22.0,18.0,25.0,27.0,23.0,19.0,15.0,23.0,1.0,20.0,23.5,21.8,15.0,21.8,2018.5
520,18,5,29.0,26.0,11.0,25.0,23.0,21.0,18.0,18.0,20.0,2.0,18.5,21.75,21.0,18.0,21.0,2018.5
521,18,5,27.0,21.0,13.0,27.0,23.0,20.0,22.0,17.0,19.0,2.0,17.0,23.0,21.8,17.0,21.8,2018.5
522,18,5,31.0,26.0,18.0,21.0,28.0,19.0,12.0,18.0,17.0,0.0,22.0,20.0,19.6,18.0,19.6,2018.5
523,18,5,13.0,11.0,9.0,9.0,13.0,10.0,10.0,7.0,10.0,0.0,10.0,10.5,9.8,7.0,9.8,2018.5
524,18,5,28.0,24.0,20.0,22.0,24.0,15.0,19.0,21.0,19.0,2.0,22.0,20.0,20.2,21.0,20.2,2018.5
525,18,5,31.0,28.0,18.0,27.0,22.0,18.0,13.0,17.0,16.0,2.0,23.0,20.0,19.4,17.0,19.4,2018.5
526,18,5,26.0,20.0,9.0,18.0,15.0,19.0,17.0,15.0,14.0,1.0,14.5,17.25,16.8,15.0,16.8,2018.5
527,18,5,25.0,21.0,18.0,20.0,20.0,10.0,13.0,10.0,12.0,1.0,19.5,15.75,14.6,10.0,14.6,2018.5
528,18,5,29.0,24.0,15.0,23.0,23.0,19.0,16.0,9.0,16.0,2.0,19.5,20.25,18.0,9.0,18.0,2018.5
529,18,5,29.0,23.0,13.0,22.0,26.0,22.0,17.0,17.0,18.0,2.0,18.0,21.75,20.8,17.0,20.8,2018.5
530,18,5,11.0,9.0,8.0,8.0,10.0,5.0,5.0,4.0,7.0,2.0,8.5,7.0,6.4,4.0,6.4,2018.5
531,18,5,24.0,22.0,14.0,23.0,22.0,20.0,18.0,17.0,22.0,1.0,18.0,20.75,20.0,17.0,20.0,2018.5
532,18,5,29.0,27.0,12.0,26.0,25.0,21.0,23.0,19.0,22.0,1.0,19.5,23.75,22.8,19.0,22.8,2018.5
533,18,5,14.0,11.0,8.0,13.0,10.0,8.0,4.0,4.0,5.0,1.0,9.5,8.75,7.8,4.0,7.8,2018.5
534,18,5,13.0,11.0,11.0,10.0,11.0,12.0,4.0,7.0,8.0,1.0,11.0,9.25,8.8,7.0,8.8,2018.5
